keyword,volume,yoy,competition
olla multifuncional,18100,49%,Alto
olla a presion,12100,0%,Alto
olla arrocera,12100,0%,Alto
olla express,9900,22%,Alto
sartenes,8100,49%,Alto
imusa sarten,5400,-19%,Alto
olla a presión universal,5400,0%,Alto
sartenes imusa,5400,-19%,Alto
sarten antiadherente,4400,0%,Alto
universal ollas,4400,0%,Alto
bateria de ollas,3600,22%,Alto
imusa ollas,3600,0%,Alto
olla a presion imusa,3600,0%,Alto
olla de presion,3600,0%,Alto
olla freidora de aire,3600,-21%,Alto
sarten de hierro fundido,3600,22%,Alto
arrocera,2900,24%,Alto
arroceras,2900,24%,Alto
olla freidora,2900,-21%,Alto
olla multifuncional imusa,2900,22%,Alto
olla arrocera pequeña,2400,21%,Alto
olla express universal,2400,-17%,Alto
olla multifuncional black and decker,2400,21%,Alto
sarten acero inox,2400,0%,Alto
sarten acero inoxidable,2400,0%,Alto
sartenes de acero inoxidable,2400,0%,Alto
bateria de cocina,1900,0%,Alto
olla a presion royal prestige,1900,-34%,Alto
olla express imusa,1900,0%,Alto
olla express royal prestige,1900,-34%,Alto
olla multifuncional oster,1900,0%,Alto
olla multiusos,1900,50%,Alto
olla oster multifuncional,1900,0%,Alto
royal prestige olla express,1900,-34%,Alto
sarten electrico,1900,-32%,Alto
olla a presión universal 6 litros,1600,-38%,Alto
olla arrocera oster,1600,-12%,Alto
sarten de ceramica,1600,-21%,Alto
sartenes victoria,1600,-21%,Alto
sartén victoria,1600,-21%,Alto
bateria de ollas imusa,1300,23%,Alto
chocolatera royal prestige,1300,22%,Alto
hoya y olla,1300,0%,Bajo
olla a presion electrica,1300,50%,Alto
olla arrocera imusa,1300,-32%,Alto
olla ceramica,1300,23%,Alto
pitadora,1300,0%,Alto
sarten ceramica,1300,0%,Alto
sarten hierro fundido,1300,-19%,Alto
bateria imusa,1000,60%,Alto
olla a presión home elements,1000,-18%,Alto
olla de presion imusa,1000,0%,Alto
olla electrica,1000,0%,Alto
olla express home elements,1000,-18%,Alto
olla inteligente,1000,60%,Alto
sarten wok,1000,14%,Alto
tramontina ollas,1000,46%,Alto
vaporera de alimentos,1000,-38%,Alto
victoria sartenes,1000,-19%,Alto
antiadherente,880,-18%,Alto
olla a presion imusa 6 litros,880,-18%,Alto
olla a presión imusa 6 litros,880,-18%,Alto
olla a presión universal 4 litros,880,-18%,Alto
olla airfryer,880,14%,Alto
olla arrocera universal,880,0%,Alto
olla de barro,880,-18%,Alto
olla de ceramica,880,30%,Alto
olla esmaltada,880,0%,Alto
sarten antiadherente imusa,880,0%,Alto
sarten de hierro,880,-28%,Alto
arrocera oster,720,23%,Alto
olla a presion pequeña,720,22%,Alto
olla arrocera black and decker,720,126%,Alto
olla de aire,720,0%,Alto
olla electrica multifuncional,720,22%,Alto
olla freidora oster,720,-19%,Alto
pailas,720,0%,Alto
pitadora imusa,720,50%,Alto
prestige ollas,720,22%,Alto
sarten electrico home elements,720,-46%,Alto
universal sartenes,720,0%,Alto
alkosto ollas,590,0%,Alto
arrocera imusa,590,-19%,Alto
cacerola para huevos,590,0%,Alto
homecenter ollas,590,-19%,Alto
olla a presión 2 litros,590,0%,Alto
olla a presión pequeña 1 litro,590,-34%,Alto
olla a vapor,590,-19%,Alto
olla al vapor,590,-19%,Alto
olla black and decker,590,0%,Alto
olla coccion lenta,590,-19%,Alto
olla de coccion,590,-19%,Alto
olla de coccion lenta,590,-19%,Alto
olla de peltre,590,0%,Alto
olla de presion universal,590,0%,Alto
olla express electrica,590,14%,Alto
olla multifuncional universal,590,49%,Alto
pitadora universal,590,22%,Alto
sarten en ingles,590,0%,Bajo
sarten tramontina,590,122%,Alto
sartenes imusa precio,590,-33%,Alto
sartenes royal prestige,590,49%,Alto
sartenes tefal,590,0%,Alto
sartenes tramontina,590,122%,Alto
tefal sartenes,590,0%,Alto
tfal sarten,590,0%,Alto
arrocera pequeña,480,85%,Alto
bateria de cocina imusa,480,84%,Alto
bateria de ollas universal,480,-19%,Alto
bateria ollas,480,23%,Alto
belomatic ollas,480,0%,Alto
catalogo royal prestige,480,24%,Bajo
mini olla arrocera,480,-19%,Alto
olla a presion acero inoxidable,480,0%,Alto
olla a presión imusa 4 litros,480,-19%,Alto
olla a presión universal 2 litros,480,-33%,Alto
olla arrocera precio,480,22%,Alto
olla de presion electrica,480,69%,Alto
olla freidora de aire oster,480,-33%,Alto
olla grande,480,23%,Alto
olla hierro fundicion,480,0%,Alto
olla hierro fundido,480,0%,Alto
olla multichef imusa,480,-33%,Alto
olla multifuncional home elements,480,50%,Alto
royal ollas,480,23%,Alto
wok imusa,480,-18%,Alto
bateria acero inoxidable,390,0%,Alto
bateria de ollas acero inoxidable,390,-18%,Alto
cacerola imusa,390,-18%,Alto
imusa olla presion,390,23%,Alto
instant pot olla,390,0%,Alto
olla a presión imusa 7 litros,390,-18%,Alto
olla air fryer,390,0%,Alto
olla arrocera imusa 5 tazas,390,-19%,Alto
olla de hierro,390,-19%,Alto
olla express universal 6 litros,390,-19%,Alto
olla freidora imusa,390,-19%,Alto
olla home elements,390,0%,Alto
olla imusa multifuncional,390,23%,Alto
olla indio,390,22%,Alto
olla multiusos black and decker,390,50%,Alto
pataconera imusa,390,0%,Alto
precio de ollas royal prestige,390,50%,Alto
sarten acero quirurgico,390,22%,Alto
sarten de acero quirurgico,390,22%,Alto
sarten de teflon,390,0%,Alto
sarten electrico universal,390,0%,Alto
bateria de cocina acero inoxidable,320,-18%,Alto
bateria de ollas en acero quirurgico,320,23%,Alto
cazuelas de barro,320,-19%,Alto
chocolatera electrica imusa,320,-56%,Alto
falabella ollas,320,0%,Alto
homecenter sartenes,320,0%,Alto
hoya de cocina,320,53%,Bajo
imusa olla multifuncional,320,177%,Alto
marcas de ollas,320,0%,Alto
multiolla oster,320,-34%,Alto
olla a presion digital,320,0%,Alto
olla a presion imusa 7 litros,320,-33%,Alto
olla a presion oster,320,0%,Alto
olla a presion tefal,320,0%,Alto
olla a presión 4 litros,320,0%,Alto
olla a presión homecenter,320,0%,Alto
olla arrocera oster precio,320,-47%,Medio
olla chocolatera,320,22%,Alto
olla de presion royal prestige,320,-18%,Alto
olla de sancocho,320,0%,Medio
olla express pequeña,320,50%,Alto
olla instant pot,320,23%,Alto
olla inteligente imusa,320,22%,Alto
olla multiuso oster,320,0%,Alto
royal prestige olla de presion,320,-18%,Alto
sarten homecenter,320,0%,Alto
sarten imusa 24 cm,320,-19%,Alto
sarten para arepas,320,22%,Alto
sartenes de hierro fundido imusa,320,-18%,Alto
vaporera electrica,320,0%,Alto
arrocera electrica,260,52%,Alto
bateria cocina,260,-19%,Alto
bateria imusa 7 piezas,260,-19%,Alto
cacerolas,260,52%,Alto
homecenter olla a presion,260,0%,Alto
le creuset ollas,260,-19%,Alto
multifuncional olla,260,23%,Alto
olla a presion 6 litros,260,0%,Alto
olla a presion industrial,260,23%,Alto
olla a presion multifuncional,260,0%,Alto
olla a presión kalley 6 litros,260,85%,Alto
olla aluminio,260,-19%,Alto
olla arrocera exito,260,21%,Alto
olla arrocera imusa 1 libra precio,260,-67%,Medio
olla arrocera éxito,260,21%,Alto
olla crispetera,260,-34%,Alto
olla de aire oster,260,21%,Alto
olla de presión royal prestige 6 litros precio,260,-65%,Medio
olla express imusa 6 litros,260,0%,Alto
olla multichef,260,24%,Alto
olla multifuncional éxito,260,23%,Alto
olla multiusos imusa,260,22%,Alto
olla ninja,260,129%,Alto
olla oster,260,24%,Alto
olla oster freidora,260,-19%,Alto
pitadora electrica,260,50%,Alto
precio de olla arrocera,260,0%,Medio
precio paellera royal prestige,260,86%,Alto
sarten de piedra volcanica,260,0%,Alto
sarten grande,260,0%,Alto
sarten imusa 30 cm,260,-19%,Alto
sarten para huevos,260,22%,Alto
sartenes de piedra volcánica,260,0%,Alto
sartenes grandes,260,0%,Alto
sartenes royal prestige precio,260,-19%,Alto
vaporera oster,260,-66%,Alto
bateria acero quirurgico,210,0%,Alto
bateria ollas imusa,210,24%,Alto
bateria royal prestige,210,50%,Alto
calderos de hierro fundido,210,23%,Alto
cuisinart ollas,210,0%,Alto
jarra imusa,210,0%,Alto
olla a presion black and decker,210,-19%,Alto
olla a presion imusa 4.5 litros,210,-50%,Alto
olla a presión 1 litro imusa,210,-78%,Alto
olla a presión 1.5 litros,210,-71%,Medio
olla a presión antigua,210,-56%,Alto
olla a presión imusa 3 litros,210,-35%,Alto
olla a presión royal prestige,210,-56%,Alto
olla a presión royal prestige precio,210,24%,Alto
olla a presión universal 4 litros éxito,210,0%,Alto
olla a presión universal 6 litros éxito,210,22%,Alto
olla airfryer oster,210,0%,Alto
olla arrocera multifuncional,210,24%,Alto
olla de hierro fundido imusa,210,-19%,Alto
olla de presion black and decker,210,-18%,Alto
olla express universal 4 litros,210,24%,Alto
olla freidora de aire imusa,210,-18%,Alto
olla imusa 6 litros,210,86%,Alto
royal prestige bateria,210,50%,Alto
royal prestige olla a presion,210,-33%,Alto
sarten 4 puestos,210,-36%,Alto
sarten ceramica antiadherente,210,0%,Alto
sarten cuadrado,210,24%,Alto
sarten de acero,210,22%,Alto
sarten doble parrilla,210,0%,Alto
sarten en acero quirurgico,210,53%,Alto
sarten hierro,210,-19%,Alto
sarten para arepas imusa,210,50%,Alto
sarten para freir,210,0%,Alto
sarten para pancakes,210,0%,Alto
sarten piedra volcanica,210,-33%,Alto
sartenes antiadherentes en promoción,210,-47%,Alto
sartenes de aluminio,210,0%,Alto
sartenes de piedra,210,53%,Alto
wok precio,210,-33%,Alto
acero al carbono sarten,170,133%,Alto
arrocera imusa 5 tazas,170,0%,Alto
arrocera universal,170,-35%,Alto
asador electrico home elements,170,0%,Alto
bateria de ollas antiadherentes,170,0%,Alto
bateria de ollas royal prestige,170,136%,Alto
bateria imusa 11 piezas,170,-19%,Alto
bateria ollas acero inoxidable,170,-19%,Alto
bergner sartenes,170,-48%,Alto
chocolatera royal prestige precio,170,0%,Medio
hoffman ollas,170,-33%,Alto
hoya de presion,170,-19%,Alto
ilko sartenes,170,86%,Alto
imusa acero inoxidable,170,0%,Alto
multiolla,170,-66%,Alto
olla a presion 10 litros,170,0%,Alto
olla a presion corona,170,-33%,Alto
olla a presion precio,170,0%,Alto
olla a presion universal de 4 litros,170,-21%,Alto
olla a presión 1 litro,170,0%,Alto
olla a presión 3 litros,170,24%,Alto
olla a presión 4 litros universal,170,-64%,Alto
olla a presión grande,170,24%,Alto
olla a presión kalley 4 litros,170,-18%,Alto
olla a presión universal 3 litros precio,170,-86%,Alto
olla a presión universal 6 litros acero inoxidable,170,-18%,Alto
olla arrocera 1 libra,170,0%,Alto
olla arrocera con vaporera,170,-21%,Alto
olla arrocera oster pequeña,170,0%,Alto
olla baño maria,170,-18%,Alto
olla express digital,170,0%,Alto
olla express imusa 7 litros,170,27%,Alto
olla express royal prestige precio,170,-33%,Alto
olla imusa grande,170,0%,Alto
olla kalley,170,133%,Alto
olla multifuncional instant pot,170,50%,Alto
olla paellera 10 royal prestige precio,170,-64%,Bajo
precio olla a presion,170,-18%,Alto
sarten acero al carbono,170,86%,Alto
sarten bergner,170,-46%,Alto
sarten con tapa,170,-19%,Alto
sarten de acero al carbono,170,86%,Alto
sarten de cerámica antiadherente,170,129%,Alto
sarten de hierro fundido victoria,170,52%,Alto
sarten de vidrio,170,-21%,Alto
sarten doble,170,0%,Alto
sarten hierro fundido victoria,170,0%,Alto
sarten imusa 20 cm,170,55%,Alto
sarten imusa 24 cm precio,170,-81%,Alto
sarten parrilla,170,21%,Alto
sarten teflon,170,-18%,Alto
sartenes bergner,170,-46%,Alto
sartenes de titanio,170,555%,Alto
swiss home ollas,170,-58%,Alto
tapa de ollas,170,0%,Alto
tipos de ollas,170,-18%,Alto
tramontina sartenes,170,129%,Alto
arrocera home elements,140,22%,Alto
bandejas de barro,140,0%,Alto
bateria de acero inoxidable,140,0%,Alto
bateria de cocina acero quirurgico,140,-22%,Alto
bateria de ollas tramontina,140,0%,Alto
calderos de hierro,140,0%,Alto
calderos grandes industriales,140,-36%,Medio
cocina wok,140,22%,Alto
falabella olla arrocera,140,-22%,Alto
multicooker black and decker,140,56%,Alto
olla a presion tramontina,140,-33%,Alto
olla a presión 2 litros imusa,140,-36%,Alto
olla arrocera grande,140,21%,Alto
olla arrocera oster 1 libra,140,-57%,Alto
olla arrocera universal 1 libra,140,-71%,Alto
olla arrocera whiteline 1.2 litros precio,140,-25%,Medio
olla de peltre para hervir agua,140,0%,Alto
olla de presión pequeña,140,21%,Alto
olla de presión royal prestige precio,140,-36%,Medio
olla de sopa,140,-19%,Alto
olla de vapor,140,56%,Alto
olla esmaltada para teteros,140,133%,Medio
olla express 4 litros,140,21%,Alto
olla fondue,140,0%,Alto
olla industrial,140,0%,Medio
olla multicooker,140,0%,Alto
olla multifuncional imusa precio,140,-35%,Medio
olla multifuncional midea,140,52%,Alto
olla multifuncional ninja,140,86%,Alto
pitadora royal prestige,140,-56%,Alto
pitadora universal 6 litros,140,-22%,Alto
precio olla express,140,-21%,Alto
royal prestige ollas precio,140,-21%,Alto
royal prestige sartenes,140,0%,Alto
sarten antiadherente con tapa,140,22%,Alto
sarten basculante,140,-35%,Bajo
sarten plancha,140,0%,Alto
sartenes antiadherentes sin teflon,140,-65%,Alto
sartenes de granito,140,-46%,Alto
sartenes de induccion,140,0%,Alto
sartenes sin teflon,140,-55%,Alto
sartén de hierro fundido desventajas,140,-19%,Bajo
swisshome ollas,140,200%,Alto
t fal ollas,140,-21%,Alto
tefal ollas,140,21%,Alto
wok acero inoxidable,140,-33%,Alto
wok cocina,140,22%,Alto
bateria de cocina royal prestige,110,0%,Alto
bateria royal prestige 10 piezas precio,110,-79%,Alto
bateria tramontina,110,50%,Alto
batería de ollas homecenter,110,-21%,Alto
bergner ollas,110,0%,Alto
cacerola para huevos imusa,110,-44%,Alto
cacerolas antiadherentes,110,29%,Alto
cacerolas de hierro fundido,110,50%,Alto
estufa wok,110,0%,Alto
falabella olla a presion,110,-18%,Alto
falabella sarten,110,56%,Alto
home elements ollas,110,-56%,Alto
imusa easy fry,110,-22%,Alto
imusa multichef,110,-44%,Alto
marcas de sartenes libres de toxicos,110,-55%,Alto
mejores ollas para cocinar,110,0%,Alto
mercado libre olla a presion,110,120%,Alto
mini arrocera,110,55%,Alto
olla a presion rena ware,110,0%,Alto
olla a presión de 4 litros,110,56%,Alto
olla a presión imusa 4 litros precio,110,-29%,Alto
olla a presión industrial 50 litros,110,-36%,Alto
olla arrocera home elements 1 litro,110,75%,Alto
olla black and decker multifuncional,110,700%,Alto
olla de aire imusa,110,0%,Alto
olla de barro precio,110,-18%,Alto
olla de cobre,110,22%,Alto
olla electrica black and decker,110,22%,Alto
olla electrica home elements,110,-56%,Alto
olla esmaltada imusa,110,-18%,Medio
olla express 2 litros,110,0%,Alto
olla express 6 litros,110,55%,Alto
olla express industrial,110,21%,Alto
olla express oster,110,0%,Alto
olla express pequeña 2 litros,110,-18%,Alto
olla grande 50 litros,110,-47%,Alto
olla grande para sancocho,110,21%,Alto
olla hamilton beach,110,320%,Alto
olla inteligente oster,110,89%,Alto
olla mediana,110,56%,Alto
olla multichef imusa precio,110,0%,Alto
olla paellera imusa,110,-43%,Alto
pitadora imusa 6 litros,110,40%,Alto
precio de ollas,110,-36%,Alto
precio sarten electrico,110,-67%,Alto
sarten acero,110,-18%,Alto
sarten aluminio fundido,110,-50%,Alto
sarten cuadrado imusa,110,-21%,Alto
sarten doble cara,110,0%,Alto
sarten electrico oster,110,0%,Alto
sarten exito,110,-18%,Alto
sarten home elements,110,-64%,Alto
sarten pequeño,110,0%,Alto
sarten piedra,110,-18%,Alto
sarten wok imusa,110,-35%,Alto
sartenes de cerámica ventajas y desventajas,110,-36%,Bajo
sartenes imusa con tapa precio,110,-67%,Alto
sartenes para estufa de inducción,110,-36%,Alto
teflon sarten,110,-36%,Alto
arrocera precio,90,0%,Alto
arrocera vaporera,90,22%,Alto
bateria ceramica,90,-21%,Alto
bateria de cocina homecenter,90,57%,Alto
bateria de cocina tramontina,90,0%,Alto
bateria de ollas ceramica,90,0%,Alto
batería de cocina antiadherente,90,0%,Alto
cacerolas de acero inoxidable,90,0%,Alto
el teflon es toxico,90,-56%,Bajo
es toxico el teflon,90,-56%,Bajo
farberware ollas,90,-18%,Alto
kitchenaid sartenes,90,0%,Alto
marcas de ollas a presion,90,-36%,Alto
mejores materiales para ollas,90,-44%,Alto
olla a presion home elements 4.2 litros,90,-20%,Alto
olla a presion umco,90,0%,Alto
olla a presión corona 4 litros,90,-56%,Alto
olla a presión imusa 6 litros precio,90,-20%,Alto
olla a presión inteligente,90,0%,Alto
olla a vapor eléctrica,90,-40%,Alto
olla arrocera digital,90,-36%,Alto
olla arrocera electrica,90,22%,Alto
olla arrocera electrolux,90,27%,Alto
olla autoclave,90,57%,Bajo
olla bruja,90,-22%,Bajo
olla caldero,90,0%,Alto
olla de cristal,90,-43%,Alto
olla de presion home elements,90,0%,Alto
olla de presion oster,90,-22%,Alto
olla digital,90,29%,Alto
olla farberware,90,-18%,Alto
olla horno,90,-55%,Alto
olla imusa 7 litros,90,33%,Alto
olla multicooker black and decker,90,0%,Alto
olla multifuncional hamilton beach,90,25%,Alto
olla multifuncional oster precio,90,0%,Alto
olla paellera,90,25%,Alto
sarten aluminio,90,-18%,Alto
sarten antiadherente grande,90,0%,Alto
sarten antiadherente royal prestige,90,0%,Alto
sarten arepas,90,22%,Alto
sarten asador,90,57%,Alto
sarten crepes,90,57%,Alto
sarten electrico home elements precio,90,-22%,Medio
sarten huevos,90,100%,Alto
sarten imusa con tapa,90,-22%,Alto
sarten imusa talent,90,0%,Alto
sarten kitchenaid,90,0%,Alto
sarten oster,90,29%,Alto
sarten rena ware,90,-18%,Alto
sarten roca volcanica,90,-29%,Alto
sarten tramontina acero inoxidable,90,129%,Alto
sarten wok precio,90,40%,Alto
sartenes de aluminio fundido,90,57%,Alto
sartenes de cobre,90,-18%,Alto
sartenes de imusa,90,0%,Alto
sartenes induccion,90,-22%,Alto
sartenes kitchenaid,90,0%,Alto
sartenes tramontina precio,90,250%,Alto
sartén eléctrico home elements,90,22%,Alto
tapa para ollas,90,0%,Alto
termo señal imusa,90,0%,Bajo
tipos de sartenes,90,27%,Alto
vaporera de alimentos oster,90,-36%,Alto
vaporera oster precio,90,-44%,Medio
vaporera para verduras,90,29%,Alto
wok olla,90,-50%,Alto
wok sarten precio,90,40%,Alto
antiadherente triforce,70,-67%,Alto
arrocera multifuncional,70,29%,Alto
bateria de ceramica,70,29%,Alto
bateria de cocina ceramica,70,29%,Alto
bateria de sartenes,70,0%,Alto
bateria ollas universal,70,0%,Alto
bateria tefal,70,40%,Alto
cacerola acero inoxidable,70,-29%,Alto
cacerola hierro fundido,70,-29%,Alto
cacerolas royal prestige,70,29%,Alto
caldero hierro fundido,70,57%,Alto
estufa para wok,70,0%,Alto
exito sartenes,70,40%,Alto
home elements olla arrocera,70,40%,Alto
imusa antiadherente,70,0%,Alto
imusa bateria de ollas,70,240%,Alto
imusa talent master,70,0%,Alto
la victoria sartenes,70,0%,Alto
las mejores ollas para cocinar,70,-29%,Alto
mangos para sartenes,70,-29%,Alto
marcas de sartenes,70,-18%,Alto
mejores marcas de ollas,70,-43%,Alto
mercado libre ollas de acero inoxidable,70,100%,Alto
mini olla a presion,70,0%,Alto
multi olla oster,70,-43%,Alto
olla a presion 8 litros,70,0%,Alto
olla a presión eléctrica oster,70,29%,Alto
olla a presión falabella,70,-22%,Alto
olla a presión universal 10 litros,70,-20%,Alto
olla antigua,70,40%,Bajo
olla cobre,70,40%,Alto
olla crock pot,70,-57%,Alto
olla de,70,-22%,Medio
olla de 10 litros,70,0%,Alto
olla de 20 litros,70,29%,Alto
olla de 40 litros,70,-29%,Alto
olla de fondue,70,0%,Alto
olla de presion 6 litros,70,57%,Alto
olla de presion digital,70,0%,Alto
olla de presion industrial,70,-44%,Alto
olla de presion multifuncional,70,22%,Alto
olla electrica oster,70,0%,Alto
olla express 3 litros,70,-44%,Alto
olla express acero inoxidable,70,22%,Alto
olla express mercado libre,70,40%,Alto
olla express tefal,70,0%,Alto
olla freidora electrica,70,-57%,Alto
olla freidora precio,70,-29%,Medio
olla gigante,70,0%,Alto
olla hierro,70,40%,Alto
olla inoxidable,70,-29%,Alto
olla multifuncional falabella,70,40%,Alto
olla multiproposito,70,57%,Alto
olla multiusos oster precio,70,-40%,Alto
olla paellera de royal prestige,70,57%,Medio
olla paellera grande,70,-22%,Alto
olla paellera precio,70,29%,Alto
precio de olla express,70,-29%,Alto
sarten acero inoxidable 18 10,70,-29%,Alto
sarten con tapa de vidrio,70,40%,Alto
sarten cuadrado con tapa,70,40%,Alto
sarten de arepas,70,29%,Alto
sarten granito,70,-36%,Alto
sarten holstein precio,70,133%,Bajo
sarten imusa 26 cm,70,0%,Alto
sarten libre de pfoa y ptfe,70,-55%,Alto
sarten para fritar,70,22%,Alto
sarten para huevos fritos,70,-22%,Alto
sarten precio,70,-43%,Alto
sarten titanio,70,100%,Alto
sartenes carote,70,27%,Alto
sartenes de cocina,70,-29%,Alto
sartenes de royal prestige,70,57%,Alto
sartenes imusa homecenter,70,-44%,Alto
sartenes industriales,70,-29%,Medio
sartenes libres de pfoa y ptfe,70,-55%,Alto
sartenes profesionales,70,-44%,Alto
sartenes rosas,70,40%,Alto
sartenes t fal,70,29%,Alto
t fal sartenes,70,29%,Alto
victoria sartenes de hierro,70,53%,Alto
wok chino,70,-44%,Alto
wok imusa 30 cm,70,-20%,Alto
bateria cocina acero inoxidable,50,0%,Alto
bateria de acero quirurgico,50,25%,Alto
bateria de cocina tefal,50,0%,Alto
bateria ollas ceramica,50,0%,Alto
bateria t fal,50,40%,Alto
cacerola vitroceramica,50,Medio,51
el sarten,50,-43%,Bajo
el wok,50,25%,Bajo
fissler ollas,50,40%,Alto
le creuset sartenes,50,0%,Alto
libre de pfoa,50,-29%,Bajo
mango de sarten,50,0%,Alto
mejores ollas a presion,50,40%,Alto
ninja olla,50,57%,Alto
olla 20 litros,50,29%,Alto
olla 40 litros,50,0%,Alto
olla 50 litros,50,133%,Alto
olla a presión 5 litros,50,75%,Alto
olla arrocera multiusos,50,0%,Alto
olla blanca,50,40%,Alto
olla cuadrada,50,-40%,Alto
olla de 30 litros,50,0%,Alto
olla de 50 litros,50,125%,Medio
olla de presion acero inoxidable,50,0%,Alto
olla de presión grande,50,125%,Alto
olla de tamales,50,0%,Medio
olla esmaltada homecenter,50,-20%,Alto
olla express 10 litros,50,40%,Alto
olla express de 2 litros,50,40%,Alto
olla express de 4 litros,50,75%,Alto
olla express grande,50,80%,Alto
olla fissler,50,40%,Alto
olla holandesa,50,0%,Alto
olla india grande,50,-44%,Alto
olla inteligente para cocinar,50,40%,Alto
sarten 20 cm,50,0%,Alto
sarten 24 cm,50,-29%,Alto
sarten 30 cm,50,0%,Alto
sarten cuisinart,50,-29%,Alto
sarten de barro,50,-44%,Alto
sarten de huevos,50,0%,Alto
sarten de roca volcanica,50,-20%,Alto
sarten doble cara antiadherente,50,-57%,Alto
sarten easy release royal prestige,50,-43%,Bajo
sarten electrico black and decker,50,75%,Alto
sarten gourmet royal prestige,50,80%,Bajo
sarten grande para freir,50,0%,Alto
sarten holstein,50,300%,Alto
sarten huevo frito,50,-20%,Alto
sarten inox,50,0%,Alto
sarten inoxidable,50,0%,Alto
sarten martillado,50,-43%,Alto
sarten plano,50,-29%,Alto
sarten rectangular,50,40%,Alto
sarten wok oster,50,300%,Alto
sartenes cuisinart,50,-29%,Alto
sartenes de hierro fundido ventajas y desventajas,50,0%,Medio
sartenes gourmet royal prestige,50,80%,Bajo
sartenes la victoria,50,-22%,Alto
sartenes le creuset,50,0%,Alto
sartenes saludables,50,-40%,Alto
tipos de ollas a presión,50,-29%,Alto
una olla arrocera,50,-20%,Medio
wok antiadherente,50,-29%,Alto
wok electrico,50,-20%,Alto
wok hierro fundido,50,40%,Alto
wok holstein 30 cm precio,50,Bajo,21
arrocera grande,40,67%,Alto
arrocera japonesa,40,0%,Alto
bateria imusa talent,40,50%,Alto
black decker arrocera,40,150%,Alto
cacerolas de ceramica,40,-20%,Alto
olla 10 litros,40,-20%,Alto
olla a,40,0%,Alto
olla de 6 litros,40,-40%,Alto
olla de presión moderna,40,0%,Alto
olla express de 6 litros,40,40%,Alto
sarten de hierro fundido esmaltado,40,40%,Alto
sarten grill,40,133%,Alto
sarten tefal acero inoxidable,40,-56%,Alto
sarten tipo wok,40,75%,Alto
sartenes de acero inoxidable 18 10,40,75%,Alto
sartenes de vidrio para cocinar,40,-20%,Alto
sartenes ninja,40,467%,Alto
sartenes rena ware precios,40,40%,Alto
sartén doble parrilla,40,33%,Alto
tapa para sarten,40,-29%,Alto
wok de acero inoxidable,40,0%,Alto
wok oster,40,250%,Alto
bateria tramontina acero inoxidable,30,0%,Alto
carote sartenes,30,133%,Alto
imusa talent 7 piezas,30,50%,Alto
sarten de acero inoxidable tramontina,30,40%,Alto
sarten hierro fundido esmaltado,30,25%,Alto
sarten para crepas,30,0%,Alto
sarten universal con tapa,30,133%,Alto
sartenes greenpan,30,67%,Alto
