keyword,volume,yoy,competition,cluster,intent,mapping
reloj invicta,22200,0%,Alto,marcas,marca,🏷️ Competencia / Pareja 2
curren reloj,12100,0%,Alto,general,transaccional,Módulo 7 (Ficha Técnica & Atributos)
reloj para hombre,12100,0%,Alto,hombre,transaccional,Módulo 7 (Ficha Técnica & Atributos)
relojes para hombre,12100,0%,Alto,hombre,transaccional,Módulo 7 (Ficha Técnica & Atributos)
casio reloj hombre,9900,0%,Alto,hombre,transaccional,Módulo 7 (Ficha Técnica & Atributos)
reloj casio hombre,9900,0%,Alto,hombre,transaccional,Módulo 7 (Ficha Técnica & Atributos)
reloj casio mujer,8100,23%,Alto,mujer,transaccional,Módulo 7 (Ficha Técnica & Atributos)
relojes casio mujer,8100,23%,Alto,mujer,transaccional,Módulo 7 (Ficha Técnica & Atributos)
reloj invicta hombre,6600,22%,Alto,hombre,transaccional,Módulo 7 (Ficha Técnica & Atributos)
reloj hombre,5400,0%,Alto,hombre,transaccional,Módulo 7 (Ficha Técnica & Atributos)
relojes hombres,5400,0%,Alto,hombre,transaccional,Módulo 7 (Ficha Técnica & Atributos)
fossil hombre reloj,4400,0%,Alto,hombre,transaccional,Módulo 7 (Ficha Técnica & Atributos)
fossil reloj hombre,4400,0%,Alto,hombre,transaccional,Módulo 7 (Ficha Técnica & Atributos)
mulco relojes,4400,-18%,Alto,general,transaccional,Módulo 7 (Ficha Técnica & Atributos)
reloj fossil hombre,4400,0%,Alto,hombre,transaccional,Módulo 7 (Ficha Técnica & Atributos)
reloj hombre fossil,4400,0%,Alto,hombre,transaccional,Módulo 7 (Ficha Técnica & Atributos)
reloj mujer,4400,0%,Alto,mujer,transaccional,Módulo 7 (Ficha Técnica & Atributos)
relojes mujer,4400,0%,Alto,mujer,transaccional,Módulo 7 (Ficha Técnica & Atributos)
relojes orient,4400,-19%,Alto,marcas,marca,🏷️ Competencia / Pareja 2
relojes para mujer,4400,0%,Alto,mujer,transaccional,Módulo 7 (Ficha Técnica & Atributos)
guess hombre reloj,3600,-19%,Alto,hombre,transaccional,Módulo 7 (Ficha Técnica & Atributos)
reloj cartier mujer,3600,0%,Alto,mujer,transaccional,Módulo 7 (Ficha Técnica & Atributos)
reloj guess hombre,3600,-19%,Alto,hombre,transaccional,Módulo 7 (Ficha Técnica & Atributos)
reloj guess mujer,3600,-19%,Alto,mujer,transaccional,Módulo 7 (Ficha Técnica & Atributos)
reloj patek philippe,3600,50%,Medio,general,transaccional,Módulo 7 (Ficha Técnica & Atributos)
diesel reloj,2900,-34%,Alto,marcas,marca,🏷️ Competencia / Pareja 2
reloj diésel,2900,-34%,Alto,general,transaccional,Módulo 7 (Ficha Técnica & Atributos)
reloj fossil mujer,2900,0%,Alto,mujer,transaccional,Módulo 7 (Ficha Técnica & Atributos)
reloj invicta mujer,2900,0%,Alto,mujer,transaccional,Módulo 7 (Ficha Técnica & Atributos)
reloj q&q mujer,2900,-34%,Alto,mujer,transaccional,Módulo 7 (Ficha Técnica & Atributos)
reloj tissot hombre,2900,22%,Alto,hombre,transaccional,Módulo 7 (Ficha Técnica & Atributos)
relojes de mano,2900,-34%,Alto,general,transaccional,Módulo 7 (Ficha Técnica & Atributos)
tissot reloj hombre,2900,22%,Alto,hombre,transaccional,Módulo 7 (Ficha Técnica & Atributos)
cartier relojes hombre,2400,0%,Medio,hombre,transaccional,Módulo 7 (Ficha Técnica & Atributos)
reloj bulova,2400,-17%,Alto,general,transaccional,Módulo 7 (Ficha Técnica & Atributos)
reloj cartier hombre,2400,0%,Medio,hombre,transaccional,Módulo 7 (Ficha Técnica & Atributos)
reloj curren precio,2400,21%,Alto,general,transaccional,Módulo 7 (Ficha Técnica & Atributos)
reloj garmin mujer,2400,0%,Alto,mujer,transaccional,Módulo 7 (Ficha Técnica & Atributos)
reloj q&q hombre,2400,-46%,Alto,hombre,transaccional,Módulo 7 (Ficha Técnica & Atributos)
reloj swatch hombre,2400,0%,Alto,hombre,transaccional,Módulo 7 (Ficha Técnica & Atributos)
reloj tommy hilfiger,2400,0%,Alto,marcas,marca,🏷️ Competencia / Pareja 2
relojes hombre cartier,2400,0%,Medio,hombre,transaccional,Módulo 7 (Ficha Técnica & Atributos)
relojes hombre swatch,2400,0%,Alto,hombre,transaccional,Módulo 7 (Ficha Técnica & Atributos)
relojes q&q hombre,2400,-46%,Alto,hombre,transaccional,Módulo 7 (Ficha Técnica & Atributos)
swatch reloj hombre,2400,0%,Alto,hombre,transaccional,Módulo 7 (Ficha Técnica & Atributos)
swatch relojes hombre,2400,0%,Alto,hombre,transaccional,Módulo 7 (Ficha Técnica & Atributos)
naviforce reloj,1900,-21%,Alto,general,transaccional,Módulo 7 (Ficha Técnica & Atributos)
reloj garmin hombre,1900,-21%,Alto,hombre,transaccional,Módulo 7 (Ficha Técnica & Atributos)
reloj hombre garmin,1900,-21%,Alto,hombre,transaccional,Módulo 7 (Ficha Técnica & Atributos)
reloj inteligente mujer,1900,23%,Alto,mujer,transaccional,Módulo 7 (Ficha Técnica & Atributos)
reloj invicta precio,1900,-47%,Alto,marcas,marca,🏷️ Competencia / Pareja 2
reloj para dama,1900,0%,Alto,mujer,transaccional,Módulo 7 (Ficha Técnica & Atributos)
reloj philippe patek precio,1900,-47%,Medio,general,transaccional,Módulo 7 (Ficha Técnica & Atributos)
reloj swatch mujer,1900,-19%,Alto,mujer,transaccional,Módulo 7 (Ficha Técnica & Atributos)
reloj technomarine hombre,1900,-33%,Alto,hombre,transaccional,Módulo 7 (Ficha Técnica & Atributos)
relojes antiguos,1900,-16%,Bajo,general,transaccional,Módulo 7 (Ficha Técnica & Atributos)
relojes invicta originales,1900,0%,Alto,marcas,marca,🏷️ Competencia / Pareja 2
relojes patek philippe precios,1900,-47%,Medio,general,transaccional,Módulo 7 (Ficha Técnica & Atributos)
relojes swatch mujer,1900,-19%,Alto,mujer,transaccional,Módulo 7 (Ficha Técnica & Atributos)
reloj dama,1600,0%,Alto,mujer,transaccional,Módulo 7 (Ficha Técnica & Atributos)
reloj de hombre,1600,-19%,Alto,hombre,transaccional,Módulo 7 (Ficha Técnica & Atributos)
reloj de mujer,1600,0%,Alto,mujer,transaccional,Módulo 7 (Ficha Técnica & Atributos)
reloj deportivo hombre,1600,0%,Alto,hombre,transaccional,Módulo 7 (Ficha Técnica & Atributos)
reloj digital mujer,1600,-12%,Alto,mujer,transaccional,Módulo 7 (Ficha Técnica & Atributos)
relojes de hombre,1600,-19%,Alto,hombre,transaccional,Módulo 7 (Ficha Técnica & Atributos)
bulova reloj hombre,1300,23%,Alto,hombre,transaccional,Módulo 7 (Ficha Técnica & Atributos)
diesel relojes hombre,1300,30%,Alto,hombre,transaccional,Módulo 7 (Ficha Técnica & Atributos)
reloj bulova hombre,1300,23%,Alto,hombre,transaccional,Módulo 7 (Ficha Técnica & Atributos)
reloj curren original,1300,0%,Alto,general,transaccional,Módulo 7 (Ficha Técnica & Atributos)
reloj d mario hombre,1300,81%,Alto,hombre,transaccional,Módulo 7 (Ficha Técnica & Atributos)
reloj diesel hombre,1300,30%,Alto,hombre,transaccional,Módulo 7 (Ficha Técnica & Atributos)
reloj inteligente para mujer,1300,0%,Alto,mujer,transaccional,Módulo 7 (Ficha Técnica & Atributos)
reloj orient hombre,1300,23%,Alto,hombre,transaccional,Módulo 7 (Ficha Técnica & Atributos)
reloj para hombre elegante,1300,30%,Alto,hombre,transaccional,Módulo 7 (Ficha Técnica & Atributos)
reloj tissot mujer,1300,46%,Alto,mujer,transaccional,Módulo 7 (Ficha Técnica & Atributos)
reloj tommy hilfiger hombre,1300,-23%,Alto,hombre,transaccional,Módulo 7 (Ficha Técnica & Atributos)
reloj tommy hilfiger mujer,1300,0%,Alto,mujer,transaccional,Módulo 7 (Ficha Técnica & Atributos)
relojes deportivos para hombre,1300,-12%,Alto,hombre,transaccional,Módulo 7 (Ficha Técnica & Atributos)
relojes tommy hilfiger mujer,1300,0%,Alto,mujer,transaccional,Módulo 7 (Ficha Técnica & Atributos)
casio reloj con calculadora,1000,30%,Alto,marcas,marca,🏷️ Competencia / Pareja 2
reloj bulova mujer,1000,30%,Alto,mujer,transaccional,Módulo 7 (Ficha Técnica & Atributos)
reloj d mario mujer,1000,0%,Alto,mujer,transaccional,Módulo 7 (Ficha Técnica & Atributos)
reloj deportivo mujer,1000,0%,Alto,mujer,transaccional,Módulo 7 (Ficha Técnica & Atributos)
reloj digital hombre,1000,-18%,Alto,hombre,transaccional,Módulo 7 (Ficha Técnica & Atributos)
reloj festina hombre,1000,0%,Alto,hombre,transaccional,Módulo 7 (Ficha Técnica & Atributos)
reloj inteligente para hombre,1000,0%,Alto,hombre,transaccional,Módulo 7 (Ficha Técnica & Atributos)
reloj michael kors mujer,1000,-28%,Alto,mujer,transaccional,Módulo 7 (Ficha Técnica & Atributos)
reloj militar,1000,-12%,Alto,estilo,transaccional,Módulo 7 (Ficha Técnica & Atributos)
reloj mk mujer,1000,-28%,Alto,mujer,transaccional,Módulo 7 (Ficha Técnica & Atributos)
reloj mulco mujer,1000,0%,Alto,mujer,transaccional,Módulo 7 (Ficha Técnica & Atributos)
reloj technomarine mujer,1000,30%,Alto,mujer,transaccional,Módulo 7 (Ficha Técnica & Atributos)
falabella relojes mujer,880,0%,Alto,mujer,transaccional,Módulo 7 (Ficha Técnica & Atributos)
marcas de relojes finos,880,-28%,Alto,general,transaccional,Módulo 7 (Ficha Técnica & Atributos)
reloj casio hombre original,880,-18%,Alto,hombre,transaccional,Módulo 7 (Ficha Técnica & Atributos)
reloj d mario precio,880,-34%,Medio,general,transaccional,Módulo 7 (Ficha Técnica & Atributos)
reloj dorado mujer,880,-12%,Alto,mujer,transaccional,Módulo 7 (Ficha Técnica & Atributos)
reloj hombre elegante,880,0%,Alto,hombre,transaccional,Módulo 7 (Ficha Técnica & Atributos)
reloj invicta pro diver,880,-18%,Alto,marcas,marca,🏷️ Competencia / Pareja 2
reloj mulco hombre,880,0%,Alto,hombre,transaccional,Módulo 7 (Ficha Técnica & Atributos)
reloj nautica hombre,880,23%,Alto,hombre,transaccional,Módulo 7 (Ficha Técnica & Atributos)
reloj philipp plein,880,-28%,Alto,general,transaccional,Módulo 7 (Ficha Técnica & Atributos)
reloj rolex hombre,880,0%,Alto,hombre,transaccional,Módulo 7 (Ficha Técnica & Atributos)
reloj yess hombre,880,-18%,Alto,hombre,transaccional,Módulo 7 (Ficha Técnica & Atributos)
reloj yess mujer,880,-18%,Alto,mujer,transaccional,Módulo 7 (Ficha Técnica & Atributos)
relojes hombre rolex,880,0%,Alto,hombre,transaccional,Módulo 7 (Ficha Técnica & Atributos)
relojes originales para hombre,880,0%,Alto,hombre,transaccional,Módulo 7 (Ficha Técnica & Atributos)
rolex relojes hombre,880,0%,Alto,hombre,transaccional,Módulo 7 (Ficha Técnica & Atributos)
lige reloj,720,-46%,Alto,general,transaccional,Módulo 7 (Ficha Técnica & Atributos)
marcas de relojes para hombre,720,0%,Alto,hombre,transaccional,Módulo 7 (Ficha Técnica & Atributos)
michael kors reloj hombre,720,-18%,Medio,hombre,transaccional,Módulo 7 (Ficha Técnica & Atributos)
poedagar reloj,720,23%,Alto,general,transaccional,Módulo 7 (Ficha Técnica & Atributos)
precio de reloj invicta,720,-19%,Medio,marcas,marca,🏷️ Competencia / Pareja 2
reloj casio para hombre,720,0%,Alto,hombre,transaccional,Módulo 7 (Ficha Técnica & Atributos)
reloj fossil hombre precio,720,-19%,Alto,hombre,transaccional,Módulo 7 (Ficha Técnica & Atributos)
reloj hombre falabella,720,0%,Alto,hombre,transaccional,Módulo 7 (Ficha Técnica & Atributos)
reloj inteligente hombre,720,-18%,Alto,hombre,transaccional,Módulo 7 (Ficha Técnica & Atributos)
reloj invicta hombre original,720,0%,Alto,hombre,transaccional,Módulo 7 (Ficha Técnica & Atributos)
reloj michael kors hombre,720,-18%,Medio,hombre,transaccional,Módulo 7 (Ficha Técnica & Atributos)
reloj mujer rolex,720,-33%,Alto,mujer,transaccional,Módulo 7 (Ficha Técnica & Atributos)
reloj orient mujer,720,0%,Alto,mujer,transaccional,Módulo 7 (Ficha Técnica & Atributos)
reloj poedagar,720,23%,Alto,general,transaccional,Módulo 7 (Ficha Técnica & Atributos)
reloj rolex mujer,720,-33%,Alto,mujer,transaccional,Módulo 7 (Ficha Técnica & Atributos)
relojes casio para hombre,720,0%,Alto,hombre,transaccional,Módulo 7 (Ficha Técnica & Atributos)
relojes de marca para hombre,720,0%,Alto,hombre,transaccional,Módulo 7 (Ficha Técnica & Atributos)
relojes lige,720,-46%,Alto,general,transaccional,Módulo 7 (Ficha Técnica & Atributos)
relojes para hombre casio,720,0%,Alto,hombre,transaccional,Módulo 7 (Ficha Técnica & Atributos)
relojes para hombre de marca,720,0%,Alto,hombre,transaccional,Módulo 7 (Ficha Técnica & Atributos)
rolex mujer,720,0%,Alto,mujer,transaccional,Módulo 7 (Ficha Técnica & Atributos)
casio mujer,590,22%,Alto,mujer,transaccional,Módulo 7 (Ficha Técnica & Atributos)
curren relojes,590,49%,Alto,general,transaccional,Módulo 7 (Ficha Técnica & Atributos)
edifice reloj,590,-19%,Alto,general,transaccional,Módulo 7 (Ficha Técnica & Atributos)
invicta mujer,590,0%,Alto,mujer,transaccional,Módulo 7 (Ficha Técnica & Atributos)
lotus reloj,590,-33%,Medio,general,transaccional,Módulo 7 (Ficha Técnica & Atributos)
orient reloj antiguo,590,-46%,Bajo,marcas,marca,🏷️ Competencia / Pareja 2
reloj armani exchange,590,-33%,Alto,general,transaccional,Módulo 7 (Ficha Técnica & Atributos)
reloj automatico hombre,590,0%,Alto,hombre,transaccional,Módulo 7 (Ficha Técnica & Atributos)
reloj casio dama,590,-19%,Alto,mujer,transaccional,Módulo 7 (Ficha Técnica & Atributos)
reloj casio dorado mujer,590,0%,Alto,mujer,transaccional,Módulo 7 (Ficha Técnica & Atributos)
reloj casio para mujer,590,0%,Alto,mujer,transaccional,Módulo 7 (Ficha Técnica & Atributos)
reloj curren hombre,590,23%,Alto,hombre,transaccional,Módulo 7 (Ficha Técnica & Atributos)
reloj d mario mujer precio,590,-56%,Medio,mujer,transaccional,Módulo 7 (Ficha Técnica & Atributos)
reloj de dama,590,0%,Alto,mujer,transaccional,Módulo 7 (Ficha Técnica & Atributos)
reloj de lujo,590,-18%,Medio,estilo,transaccional,Módulo 7 (Ficha Técnica & Atributos)
reloj invicta hombre precio,590,-56%,Alto,hombre,transaccional,Módulo 7 (Ficha Técnica & Atributos)
reloj jacob y co,590,-41%,Bajo,general,transaccional,Módulo 7 (Ficha Técnica & Atributos)
reloj para mujer de moda,590,-19%,Alto,mujer,transaccional,Módulo 7 (Ficha Técnica & Atributos)
reloj stainless steel,590,-56%,Medio,general,transaccional,Módulo 7 (Ficha Técnica & Atributos)
relojes curren hombre,590,23%,Alto,hombre,transaccional,Módulo 7 (Ficha Técnica & Atributos)
relojes d mario hombre originales,590,-46%,Medio,hombre,transaccional,Módulo 7 (Ficha Técnica & Atributos)
relojes de pulsera,590,0%,Medio,smartwatch,especifico,🧱 Módulo 7 (Materiales / Innovación)
relojes digitales para hombre,590,0%,Alto,hombre,transaccional,Módulo 7 (Ficha Técnica & Atributos)
relojes para mujeres elegantes,590,83%,Alto,mujer,transaccional,Módulo 7 (Ficha Técnica & Atributos)
relojes para parejas,590,-19%,Alto,general,transaccional,Módulo 7 (Ficha Técnica & Atributos)
technomarine reloj hombre,590,-12%,Alto,hombre,transaccional,Módulo 7 (Ficha Técnica & Atributos)
tissot mujer,590,22%,Alto,mujer,transaccional,Módulo 7 (Ficha Técnica & Atributos)
reloj casio hombre deportivo,480,23%,Alto,hombre,transaccional,Módulo 7 (Ficha Técnica & Atributos)
reloj clasico hombre,480,0%,Alto,hombre,transaccional,Módulo 7 (Ficha Técnica & Atributos)
reloj d mario en oro precio,480,-47%,Bajo,materiales,especifico,🧱 Módulo 7 (Materiales / Innovación)
reloj de pulso para hombre,480,-33%,Alto,hombre,transaccional,Módulo 7 (Ficha Técnica & Atributos)
reloj guess mujer original,480,-65%,Alto,mujer,transaccional,Módulo 7 (Ficha Técnica & Atributos)
reloj inteligente samsung mujer,480,-19%,Alto,mujer,transaccional,Módulo 7 (Ficha Técnica & Atributos)
reloj para dama elegante,480,23%,Alto,mujer,transaccional,Módulo 7 (Ficha Técnica & Atributos)
reloj parejas,480,0%,Alto,general,transaccional,Módulo 7 (Ficha Técnica & Atributos)
reloj polo assn,480,0%,Alto,general,transaccional,Módulo 7 (Ficha Técnica & Atributos)
reloj quartz mujer,480,-18%,Alto,mujer,transaccional,Módulo 7 (Ficha Técnica & Atributos)
reloj totto mujer,480,-19%,Alto,mujer,transaccional,Módulo 7 (Ficha Técnica & Atributos)
relojes digitales para mujer,480,0%,Alto,mujer,transaccional,Módulo 7 (Ficha Técnica & Atributos)
relojes para mujer de marca,480,-46%,Alto,mujer,transaccional,Módulo 7 (Ficha Técnica & Atributos)
relojes plata,480,23%,Alto,materiales,especifico,🧱 Módulo 7 (Materiales / Innovación)
relojes rolex hombre precios,480,-33%,Medio,hombre,transaccional,Módulo 7 (Ficha Técnica & Atributos)
relojes us polo assn,480,0%,Alto,general,transaccional,Módulo 7 (Ficha Técnica & Atributos)
smartwatch mujer,480,0%,Alto,mujer,transaccional,Módulo 7 (Ficha Técnica & Atributos)
smartwatch mujeres,480,0%,Alto,mujer,transaccional,Módulo 7 (Ficha Técnica & Atributos)
festina relojes mujer,390,23%,Alto,mujer,transaccional,Módulo 7 (Ficha Técnica & Atributos)
kenneth cole reloj,390,-19%,Medio,general,transaccional,Módulo 7 (Ficha Técnica & Atributos)
marca de relojes de hombre,390,0%,Alto,hombre,transaccional,Módulo 7 (Ficha Técnica & Atributos)
marcas de relojes hombre,390,0%,Alto,hombre,transaccional,Módulo 7 (Ficha Técnica & Atributos)
mujer reloj inteligente,390,-33%,Alto,mujer,transaccional,Módulo 7 (Ficha Técnica & Atributos)
pandora reloj,390,-46%,Medio,general,transaccional,Módulo 7 (Ficha Técnica & Atributos)
pulso apple watch,390,-34%,Alto,general,transaccional,Módulo 7 (Ficha Técnica & Atributos)
reloj aviator invicta,390,0%,Alto,marcas,marca,🏷️ Competencia / Pareja 2
reloj casio mujer original,390,125%,Alto,mujer,quickwin,🚀 Quick Win / Módulo 7 (Pareja 1)
reloj corum,390,-18%,Alto,general,transaccional,Módulo 7 (Ficha Técnica & Atributos)
reloj cuadrado hombre,390,0%,Alto,hombre,transaccional,Módulo 7 (Ficha Técnica & Atributos)
reloj curren original precio,390,-19%,Alto,general,transaccional,Módulo 7 (Ficha Técnica & Atributos)
reloj d mario dama,390,23%,Alto,mujer,transaccional,Módulo 7 (Ficha Técnica & Atributos)
reloj de bolsillo antiguo,390,-18%,Alto,general,transaccional,Módulo 7 (Ficha Técnica & Atributos)
reloj de oro para hombre,390,50%,Alto,hombre,transaccional,Módulo 7 (Ficha Técnica & Atributos)
reloj festina mujer,390,23%,Alto,mujer,transaccional,Módulo 7 (Ficha Técnica & Atributos)
reloj finos,390,0%,Alto,general,transaccional,Módulo 7 (Ficha Técnica & Atributos)
reloj gucci mujer,390,-19%,Medio,mujer,transaccional,Módulo 7 (Ficha Técnica & Atributos)
reloj invicta aviator,390,0%,Alto,marcas,marca,🏷️ Competencia / Pareja 2
reloj invicta de mujer,390,0%,Alto,mujer,transaccional,Módulo 7 (Ficha Técnica & Atributos)
reloj orient 3 estrellas antiguo,390,-46%,Bajo,marcas,marca,🏷️ Competencia / Pareja 2
reloj pandora,390,-46%,Medio,general,transaccional,Módulo 7 (Ficha Técnica & Atributos)
reloj para hombre rolex,390,-33%,Alto,hombre,transaccional,Módulo 7 (Ficha Técnica & Atributos)
reloj plateado hombre,390,50%,Alto,hombre,transaccional,Módulo 7 (Ficha Técnica & Atributos)
reloj q&q mujer original,390,0%,Alto,mujer,transaccional,Módulo 7 (Ficha Técnica & Atributos)
reloj sanda,390,23%,Alto,general,transaccional,Módulo 7 (Ficha Técnica & Atributos)
reloj smartwatch mujer,390,0%,Alto,mujer,transaccional,Módulo 7 (Ficha Técnica & Atributos)
reloj tempus hombre,390,129%,Alto,hombre,quickwin,🚀 Quick Win / Módulo 7 (Pareja 1)
reloj totto hombre,390,-33%,Alto,hombre,transaccional,Módulo 7 (Ficha Técnica & Atributos)
relojes de hombre de marca,390,0%,Alto,hombre,transaccional,Módulo 7 (Ficha Técnica & Atributos)
relojes de marca hombre,390,0%,Alto,hombre,transaccional,Módulo 7 (Ficha Técnica & Atributos)
relojes de mujer invicta,390,0%,Alto,mujer,transaccional,Módulo 7 (Ficha Técnica & Atributos)
relojes deportivos para mujer,390,-19%,Alto,mujer,transaccional,Módulo 7 (Ficha Técnica & Atributos)
relojes festina mujer,390,23%,Alto,mujer,transaccional,Módulo 7 (Ficha Técnica & Atributos)
relojes finos,390,0%,Alto,general,transaccional,Módulo 7 (Ficha Técnica & Atributos)
relojes invicta mujer,390,-18%,Alto,mujer,transaccional,Módulo 7 (Ficha Técnica & Atributos)
relojes mujer festina,390,23%,Alto,mujer,transaccional,Módulo 7 (Ficha Técnica & Atributos)
relojes para hombre de oro,390,50%,Alto,hombre,transaccional,Módulo 7 (Ficha Técnica & Atributos)
relojes para hombre rolex,390,-33%,Alto,hombre,transaccional,Módulo 7 (Ficha Técnica & Atributos)
relojes rolex para hombre,390,-33%,Alto,hombre,transaccional,Módulo 7 (Ficha Técnica & Atributos)
relojes salco quartz,390,-19%,Medio,general,transaccional,Módulo 7 (Ficha Técnica & Atributos)
relojes yess hombre,390,50%,Alto,hombre,transaccional,Módulo 7 (Ficha Técnica & Atributos)
swatch reloj irony,390,-19%,Medio,marcas,marca,🏷️ Competencia / Pareja 2
technomarine mujer,390,0%,Alto,mujer,transaccional,Módulo 7 (Ficha Técnica & Atributos)
adidas relojes hombre,320,-19%,Alto,hombre,transaccional,Módulo 7 (Ficha Técnica & Atributos)
d mario reloj hombre,320,-56%,Alto,hombre,transaccional,Módulo 7 (Ficha Técnica & Atributos)
dorado reloj casio mujer,320,-19%,Alto,mujer,transaccional,Módulo 7 (Ficha Técnica & Atributos)
invicta dorado,320,-18%,Alto,marcas,marca,🏷️ Competencia / Pareja 2
marca de relojes para hombre,320,0%,Alto,hombre,transaccional,Módulo 7 (Ficha Técnica & Atributos)
movado reloj hombre,320,0%,Medio,hombre,transaccional,Módulo 7 (Ficha Técnica & Atributos)
reloj adidas hombre,320,-19%,Alto,hombre,transaccional,Módulo 7 (Ficha Técnica & Atributos)
reloj casio digital hombre,320,0%,Alto,hombre,transaccional,Módulo 7 (Ficha Técnica & Atributos)
reloj casio digital mujer,320,24%,Alto,mujer,transaccional,Módulo 7 (Ficha Técnica & Atributos)
reloj casio para dama,320,24%,Alto,mujer,transaccional,Módulo 7 (Ficha Técnica & Atributos)
reloj d mario mujer pequeño,320,-64%,Medio,mujer,transaccional,Módulo 7 (Ficha Técnica & Atributos)
reloj deportivo para dama,320,-18%,Alto,mujer,transaccional,Módulo 7 (Ficha Técnica & Atributos)
reloj dorado para hombre,320,24%,Alto,hombre,transaccional,Módulo 7 (Ficha Técnica & Atributos)
reloj g shock hombre,320,-19%,Alto,hombre,transaccional,Módulo 7 (Ficha Técnica & Atributos)
reloj guess hombre original,320,-18%,Alto,hombre,transaccional,Módulo 7 (Ficha Técnica & Atributos)
reloj guess hombre precio,320,-47%,Medio,hombre,transaccional,Módulo 7 (Ficha Técnica & Atributos)
reloj guess para mujer,320,-21%,Alto,mujer,transaccional,Módulo 7 (Ficha Técnica & Atributos)
reloj hugo boss,320,-19%,Alto,general,transaccional,Módulo 7 (Ficha Técnica & Atributos)
reloj inteligente xiaomi mujer,320,-19%,Alto,mujer,transaccional,Módulo 7 (Ficha Técnica & Atributos)
reloj invicta dorado,320,-19%,Alto,marcas,marca,🏷️ Competencia / Pareja 2
reloj invicta para hombre,320,0%,Alto,hombre,transaccional,Módulo 7 (Ficha Técnica & Atributos)
reloj movado hombre,320,0%,Medio,hombre,transaccional,Módulo 7 (Ficha Técnica & Atributos)
reloj q&q dama,320,-19%,Alto,mujer,transaccional,Módulo 7 (Ficha Técnica & Atributos)
reloj q&q mujer pequeño,320,-35%,Alto,mujer,transaccional,Módulo 7 (Ficha Técnica & Atributos)
reloj q&q mujer precio,320,-35%,Alto,mujer,transaccional,Módulo 7 (Ficha Técnica & Atributos)
reloj raymond weil,320,-34%,Medio,general,transaccional,Módulo 7 (Ficha Técnica & Atributos)
relojes adidas hombre,320,-19%,Alto,hombre,transaccional,Módulo 7 (Ficha Técnica & Atributos)
relojes guess para mujer,320,-21%,Alto,mujer,transaccional,Módulo 7 (Ficha Técnica & Atributos)
relojes para dama casio,320,24%,Alto,mujer,transaccional,Módulo 7 (Ficha Técnica & Atributos)
relojes para hombre invicta,320,0%,Alto,hombre,transaccional,Módulo 7 (Ficha Técnica & Atributos)
relojes para mujer guess,320,-21%,Alto,mujer,transaccional,Módulo 7 (Ficha Técnica & Atributos)
marcas de relojes de lujo,260,0%,Medio,estilo,transaccional,Módulo 7 (Ficha Técnica & Atributos)
reloj d mario hombre precio,260,22%,Alto,hombre,transaccional,Módulo 7 (Ficha Técnica & Atributos)
reloj de mano hombre,260,-34%,Alto,hombre,transaccional,Módulo 7 (Ficha Técnica & Atributos)
kenneth cole new york reloj,210,56%,Bajo,general,transaccional,Módulo 7 (Ficha Técnica & Atributos)
kenneth cole reloj new york,210,56%,Bajo,general,transaccional,Módulo 7 (Ficha Técnica & Atributos)
reloj casio mujer rosa,210,89%,Alto,mujer,transaccional,Módulo 7 (Ficha Técnica & Atributos)
reloj kenneth cole new york,210,56%,Bajo,general,transaccional,Módulo 7 (Ficha Técnica & Atributos)
reloj tag hubert,10,0%,Medio,general,transaccional,Módulo 7 (Ficha Técnica & Atributos)
